food_item_en,unit_en,unit_code,weight_per_dl_g,weight_per_msp_g,weight_per_tbsp_g,weight_per_tsp_g,g_per_unit,gross_g,edible_part_pct,net_g,weight_per_portion_g
Yoghurt drink,,,100.0,,11.0,5.0,,,,,
Cream,,,100.0,,11.0,5.0,,,,,
"Cream substitute, vegetable fat",,,100.0,,11.0,5.0,,,,,
Coffee creamer,,,100.0,,11.0,5.0,,,,,
Coffee creamer,portion,portion,,,,,10.0,,,,
"Whipped cream, canned",,,25.0,,2.5,,,,,,
Milk,,,100.0,,11.0,5.0,,,,,
Instant coffee creamer,,,55.0,,6.0,3.0,,,,,
Milkshake,,,100.0,,11.0,5.0,,,,,
"Sour cream, crème fraîche, quark",,,100.0,,18.0,7.0,,,,,
"Cultured milk, kefir milk",,,100.0,,11.0,5.0,,,,,
Yoghurt,,,100.0,,18.0,7.0,,,,,
Blue cheese,portion,portion,,,,,30.0,,,,
Brown cheese,slice (sliced with a cheese slicer),slice,,,,,8.0,,,,
Brown cheese,for a slice of bread,slice,,,,,16.0,,,,
Brown cheese,pre-sliced cheese,slice,,,,,12.0,,,,
Cottage cheese,decilitre,dl,,,,,100.0,,,,
Cottage cheese,tablespoon,tbsp,,,,,16.0,,,,
Feta cheese,decilitre (in cubes),dl,,,,,60.0,,,,
"Traditional Norwegian cheese, matured, Gammelost",for a slice of bread,slice,,,,,15.0,,,,
"Traditional Norwegian cheese, Gomme",decilitre,dl,,,,,115.0,,,,
"Traditional Norwegian cheese, Gomme",tablespoon,tbsp,,,,,20.0,,,,
"Soft-ripened cheese (brie, camembert etc)",slice (sliced with a knife),slice,,,,,13.0,,,,
White or yellow hard to semi-hard cheese,decilitre,dl,,,,,40.0,,,,
White or yellow hard to semi-hard cheese,slice (sliced with a cheese slicer),slice,,,,,10.0,,,,
White or yellow hard to semi-hard cheese,for a slice of bread,slice,,,,,20.0,,,,
White or yellow hard to semi-hard cheese,pre-sliced cheese,slice,,,,,13.0,,,,
Cream cheese,for a slice of bread,slice,,,,,15.0,,,,
Mozzarella,decilitre,dl,,,,,40.0,,,,
Mozzarella,one,piece,,,,,125.0,,,,
Parmesan,decilitre,dl,,,,,40.0,,,,
Parmesan,tablespoon,tbsp,,,,,6.0,,,,
"Sweet spread made of whey, Prim",for a slice of bread,slice,,,,,15.0,,,,
"Traditional Norwegian cheese, Pultost",for a slice of bread,slice,,,,,10.0,,,,
Cheese spread,for a slice of bread,slice,,,,,10.0,,,,
"Egg, boiled",,,,,,,,64.0,88.0,56.0,
"Egg, raw",decilitre,dl,,,,,100.0,63.0,88.0,55.0,
"Egg, pan-fried",,,,,,,,,,48.0,
Egg white,decilitre,dl,,,,,100.0,,,37.0,
Egg yolk,decilitre,dl,,,,,100.0,,,18.0,
Scrambled eggs,decilitre,dl,,,,,90.0,,,,
Scrambled eggs,portion,portion,,,,,50.0,,,,
Omelette,portion,portion,,,,,125.0,,,,
extra large eggs,,,,,,,,78.0,,,
large eggs,,,,,,,,68.0,,,
medium eggs,,,,,,,,58.0,,,
small eggs,,,,,,,,48.0,,,
"Duck meat, with skin",,,,,,,,,100.0,,375.0
"Duck meat, without skin",,,,,,,,,100.0,,395.0
"Goose meat, with skin",,,,,,,,,100.0,,365.0
"Goose meat, without skin",,,,,,,,,100.0,,485.0
"Chicken, hen meat",,,,,,,,,100.0,,215.0
Turkey meat,,,,,,,,,100.0,,195.0
"Chicken, with skin",,,,,,,,1400.0,71.0,990.0,195.0
"Chicken, without skin",,,,,,,,1200.0,66.0,785.0,195.0
"Chicken, thigh and drumstick, with skin",,,,,,,,215.0,78.0,170.0,195.0
"Chicken, thigh and drumstick, without skin",,,,,,,,185.0,74.0,140.0,195.0
"Chicken, drumstick, with skin",,,,,,,,100.0,69.0,70.0,195.0
"Chicken, drumstick, without skin",,,,,,,,90.0,66.0,60.0,195.0
"Chicken, wing, with skin",,,,,,,,30.0,66.0,20.0,195.0
"Chicken, wing, without skin",,,,,,,,22.0,56.0,12.0,195.0
Chicken breast fillet,,,,,,,,175.0,100.0,175.0,195.0
"Duck meat, roasted",,,,,,,,,100.0,,150.0
"Goose meat, roasted",,,,,,,,,100.0,,150.0
"Hen meat, boiled",,,,,,,,,100.0,,150.0
"Chicken breast fillet, boiled",,,,,,,,120.0,100.0,120.0,150.0
"Chicken breast fillet, roasted",,,,,,,,140.0,100.0,140.0,150.0
"Chicken breast fillet, pan-fried",,,,,,,,140.0,100.0,140.0,150.0
"Chops, with fat",,,,,,,,145.0,73.0,105.0,270.0
"Chops, fat trimmed",,,,,,,,,58.0,,270.0
"Leg, with shank and sirloin",,,,,,,,,79.0,,265.0
"Chops, cutlet, pan-fried",,,,,,,,80.0,72.0,60.0,150.0
"Leg, with shank and sirloin, roasted",,,,,,,,,100.0,,150.0
"Rib-eye steak, fillet steak",,,,,,,,,78.0,,195.0
Veal,,,,,,,,,,,200.0
Beef,,,,,,,,,,,200.0
Striploin,,,,,,,,,100.0,,200.0
"Rib-eye steak, fillet steak, roasted",,,,,,,,,71.0,,150.0
"Veal, prepared",,,,,,,,,,,150.0
"Beef, prepared",,,,,,,,,,,150.0
"Striploin, roasted",,,,,,,,,100.0,,150.0
Bacon,rasher,slice,,,,,20.0,,,,
Rib with loin,,,,,,,,,86.0,,230.0
Inside round,,,,,,,,,100.0,,200.0
"Pork Chops, loin with bones",,,,,,,,170.0,77.0,130.0,200.0
Pork neck chops,,,,,,,,220.0,83.0,180.0,230.0
Side bacon,,,,,,,,,93.0,,150.0
Pork,,,,,,,,,,,200.0
"Bacon, pan-fried",rasher,slice,,,,,6.0,,100.0,,
"Rib with loin, roasted",,,,,,,,,80.0,,150.0
"Inside round, roasted",,,,,,,,,100.0,,150.0
"Loin chops with bones, roasted",,,,,,,,130.0,79.0,100.0,150.0
"Pork neck chops, roasted",,,,,,,,145.0,77.0,110.0,150.0
"Side bacon, pan-fried",,,,,,,,,100.0,,55.0
"Pork meat, prepared",,,,,,,,,,,150.0
"Venison, raw",,,,,,,,,,,200.0
"Venison, prepared",,,,,,,,,,,150.0
Swedish sausage,per item,piece,,,,,400.0,,,,
"Grill sausage, hot dogs",per item,piece,,,,,60.0,,,,
"Grill sausage, chicken and turkey",per item,piece,,,,,60.0,,,,
"Grill sausage, lean",per item,piece,,,,,60.0,,,,
Meat sausage,per item,piece,,,,,90.0,,,,
"Meat sausage, lean",per item,piece,,,,,90.0,,,,
"Mild dinner sausage, Knakkpølse",per item,piece,,,,,65.0,,,,
"Chicken and turkey sausage, lean",per item,piece,,,,,60.0,,,,
"Chicken and turkey sausage, with cheese",per item,piece,,,,,60.0,,,,
Pork sausage,per item,piece,,,,,400.0,,,,
"Grill sausage, with cheese",per item,piece,,,,,80.0,,,,
Cocktail sausage,per item,piece,,,,,30.0,,,,
Wiener/frankfurter,per item,piece,,,,,65.0,,,,
"Wiener/frankfurter, lean",per item,piece,,,,,65.0,,,,
Smoked picnic shoulder,per slice,slice,,,,,15.0,,,,
Cured leg of mutton,per slice,slice,,,,,15.0,,,,
Pork sausage,per slice,slice,,,,,,,,,
Mutton sausage,per slice,slice,,,,,5.0,,,,
"Turkey ham, for sandwiches",per slice,slice,,,,,11.0,,,,
Veal roll,per slice,slice,,,,,12.0,,,,
Boiled ham,per slice,slice,,,,,12.0,,,,
Lamb roll,per slice,slice,,,,,12.0,,,,
Liver paste,per slice,slice,,,,,,,,,
"Sausage, cured, Morr",per slice,slice,,,,,2.0,,,,
Rolled beef,per slice,slice,,,,,9.0,,,,
Reindeer sausage,per slice,slice,,,,,3.5,,,,
Pork roll,per slice,slice,,,,,14.0,,,,
Roast beef,per slice,slice,,,,,13.0,,,,
Salami,per slice,slice,,,,,7.0,,,,
"Salami, Danish",per slice,slice,,,,,10.0,,,,
"Salami, lean",per slice,slice,,,,,7.0,,,,
Bologna,per slice,slice,,,,,9.0,,,,
"Bologna, lean",per slice,slice,,,,,9.0,,,,
Smoke-cured ham,per slice,slice,,,,,8.0,,,,
"Sausage, Stabburpølse",per slice,slice,,,,,4.5,,,,
"Pork loin, smoked",per slice,slice,,,,,15.0,,,,
Head cheese,per slice,slice,,,,,11.0,,,,
Cured ham,per slice,slice,,,,,12.0,,,,
Smoked picnic shoulder,per slice of bread,slice,,,,,,,,,
Cured leg of mutton,per slice of bread,slice,,,,,,,,,
Pork sausage,per slice of bread,slice,,,,,15.0,,,,
Mutton sausage,per slice of bread,slice,,,,,,,,,
"Turkey ham, for sandwiches",per slice of bread,slice,,,,,,,,,
Veal roll,per slice of bread,slice,,,,,,,,,
Boiled ham,per slice of bread,slice,,,,,,,,,
Lamb roll,per slice of bread,slice,,,,,,,,,
Liver paste,per slice of bread,slice,,,,,20.0,,,,
"Sausage, cured, Morr",per slice of bread,slice,,,,,,,,,
Rolled beef,per slice of bread,slice,,,,,,,,,
Reindeer sausage,per slice of bread,slice,,,,,,,,,
Pork roll,per slice of bread,slice,,,,,,,,,
Roast beef,per slice of bread,slice,,,,,,,,,
Salami,per slice of bread,slice,,,,,,,,,
"Salami, Danish",per slice of bread,slice,,,,,,,,,
"Salami, lean",per slice of bread,slice,,,,,,,,,
Bologna,per slice of bread,slice,,,,,,,,,
"Bologna, lean",per slice of bread,slice,,,,,,,,,
Smoke-cured ham,per slice of bread,slice,,,,,,,,,
"Sausage, Stabburpølse",per slice of bread,slice,,,,,,,,,
"Pork loin, smoked",per slice of bread,slice,,,,,,,,,
Head cheese,per slice of bread,slice,,,,,,,,,
Cured ham,per slice of bread,slice,,,,,,,,,
"Boiled ham, canned",slice,slice,,,,,25.0,,,,
"Ground meat, raw",one,piece,,,,,100.0,,,,
"Beef patties, fried",one,piece,,,,,100.0,,,,150.0
"Meat balls, canned",one,piece,,,,,9.0,,,,150.0
Chicken and turkey meat balls,one,piece,,,,,15.0,,,,150.0
Meat rissoles,one,piece,,,,,55.0,,,,150.0
Meat loaf,slice,slice,,,,,30.0,,,,150.0
"Chicken nuggets, industrially made",one,piece,,,,,20.0,,,,
"Chicken nuggets, fastfood",one,piece,,,,,16.0,,,,
"Pork patties, fried",one,piece,,,,,80.0,,,,150.0
"Chicken schnitzel, with cheese",one,piece,,,,,75.0,,,,
"Reindeer meat balls, canned",one,piece,,,,,15.0,,,,150.0
Wienerschnitzel,one,piece,,,,,150.0,,,,
"Fatty fish, raw",one,piece,,,,,,,,,175.0
"Fatty fish, prepared",one,piece,,,,,,,,,150.0
"Salmon fillet, raw",one,piece,,,,,125.0,,,,175.0
"Salmon fillet, prepared",one,piece,,,,,110.0,,,,150.0
"Trout fillet, raw",one,piece,,,,,160.0,,,,175.0
"Trout fillet, prepared",one,piece,,,,,140.0,,,,150.0
"Cod, traditional Norwegian dish, Lutefisk",one,piece,,,,,,,,,500.0
"Lean fish, raw",one,piece,,,,,,,,,270.0
"Lean fish, prepared",one,piece,,,,,,,,,200.0
"Plaice, filled, pre-fried, frozen",one,piece,,,,,150.0,,,,200.0
"Plaice fillet, rolled in breadcrumps, raw",one,piece,,,,,100.0,,,,200.0
"Saithe, rolled in flour, frozen",one,piece,,,,,90.0,,,,200.0
"Cod, filled, pre-fried, frozen",one,piece,,,,,150.0,,,,200.0
"Cod fillet, rolled in flour, raw",one,piece,,,,,100.0,,,,200.0
"Cod fillet, raw",one,piece,,,,,125.0,,,,270.0
"Cod fillet, prepared",one,piece,,,,,90.0,,,,200.0
"Anchovies, canned",one,piece,,,,,20.0,,,,
"Sprat, canned",for a slice of bread,slice,,,,,25.0,,,,
"Anchovy fillets, canned",one,piece,,,,,5.0,,,,
Fish in aspic,slice,slice,,,,,40.0,,,,
Caviar,for a slice of bread,slice,,,,,15.0,,,,
Caviar,tablespoon,tbsp,,,,,15.0,,,,
Pickled herring,for a slice of bread,slice,,,,,25.0,,,,
"Salmon, smoked, dry salted",slice,slice,,,,,25.0,,,,
"Mackerel fillet, in tomato sauce, canned",for a slice of bread,slice,,,,,40.0,,,,
"Mackerel, cold smoked, warm smoked",for a slice of bread,slice,,,,,25.0,,,,
"Roe paste, canned",for a slice of bread,slice,,,,,15.0,,,,
"Trout, smoked, dry salted",slice,slice,,,,,20.0,,,,
Fish balls,one,piece,,,,,25.0,,,,
"Fish burger, fastfood",one,piece,,,,,130.0,,,,
Fish cakes,one,piece,,,,,55.0,,,,
Fish patty,one,piece,,,,,100.0,,,,
Fish paté,slice,slice,,,,,50.0,,,,
Fish fingers,one,piece,,,,,25.0,,,,
"Fish fingers, fried",one,piece,,,,,22.0,,,,
Fish pudding,slice,slice,,,,,40.0,,,,
Cod roe,slice,slice,,,,,45.0,,,,
"Tuna, canned",tablespoon,tbsp,,,,,14.0,,,,
"Tuna, canned",decilitre,dl,,,,,95.0,,,,
"Mussel, canned",decilitre,dl,,,,,70.0,,100.0,8.0,
"Mussel, raw",portion,portion,,,,,115.0,15.0,49.0,8.0,
"Mussel, raw",decilitre,dl,,,,,70.0,,,,
"Lobster, boiled",portion,portion,,,,,150.0,,28.0,,
"Scallop, raw",,,,,,,,10.0,,8.0,
"Crab, boiled",portion,portion,,,,,150.0,,40.0,,
Crab sticks,,,,,,,,,100.0,17.0,
"Crawfish, boiled",portion,portion,,,,,150.0,,12.0,,
"Shrimps, in brine",decilitre,dl,,,,,70.0,,100.0,,
"Shrimps, battered, pre-fried",portion,portion,,,,,190.0,,100.0,7.0,
"Shrimps, battered, pre-fried, prepared",portion,portion,,,,,150.0,,100.0,5.5,
"Shrimps, boiled",portion,portion,,,,,150.0,,33.0,,
"Snails, canned",decilitre,dl,,,,,70.0,,100.0,,
Oyster,,,,,,,,100.0,10.0,10.0,
Buckwheat flour,,,65.0,10.0,11.0,4.5,,,,,
Barley flour,,,60.0,9.0,9.0,4.0,,,,,
"Wheat flour, cake flour",,,65.0,10.0,11.0,4.5,,,,,
Gluten-free cake mix,,,40.0,7.0,8.0,3.5,,,,,
"Gluten-free flour, wholemeal",,,45.0,8.0,9.0,4.0,,,,,
"Gluten-free flour, white",,,40.0,7.0,8.0,3.5,,,,,
Wholemeal flour,,,65.0,10.0,11.0,4.5,,,,,
Oatbran,,,50.0,7.0,7.0,3.0,,,,,
Oatmeal,,,55.0,7.0,7.0,3.0,,,,,
Wheatgerm,,,35.0,5.0,5.0,2.0,,,,,
Wheatbran,,,25.0,4.0,3.5,1.5,,,,,
"Wheat flour, wholemeal",,,60.0,9.0,9.0,3.5,,,,,
Wheat flour,,,55.0,9.0,9.0,4.0,,,,,
"Cornmeal, polenta",,,65.0,12.0,12.0,4.5,,,,,
Corn starch,,,60.0,9.0,9.0,3.5,,,,,
Potato starch,,,70.0,11.0,11.0,4.5,,,,,
Rice flour,,,70.0,11.0,11.0,4.5,,,,,
"Rye flour, wholemeal",,,55.0,9.0,9.0,4.0,,,,,
Rye flour,,,50.0,9.0,9.0,4.0,,,,,
Soy flour,,,45.0,8.0,9.0,4.0,,,,,
"Buckwheat, grain",,,75.0,12.0,10.0,,,,,,
"Bulgur, cooked",portion,portion,,,,,225.0,,,,
"Bulgur, uncooked",portion,portion,80.0,13.0,13.0,,75.0,,,,
Pearl barley,,,80.0,13.0,13.0,,,,,,
"Couscous, cooked",portion,portion,,,,,190.0,,,,
"Couscous, uncooked",portion,portion,75.0,11.0,11.0,,75.0,,,,
Rolled oats,portion,portion,40.0,5.0,6.0,,100.0,,,,
"Millet, grain",,,80.0,13.0,12.0,,,,,,
"Wheat, grain",,,60.0,9.0,9.0,,,,,,
"Quinoa, cooked",portion,portion,,,,,185.0,,,,
"Quinoa, uncooked",portion,portion,70.0,11.0,11.0,,75.0,,,,
"Semolina, wheat meal",,,70.0,10.0,10.0,,,,,,
Sorghum,,,75.0,12.0,10.0,,,,,,
Fresh pasta,,,,,,,,,,,110.0
"Fresh pasta, cooked",,,,,,,,,,,195.0
"Fresh pasta, Ravioli",decilitre,dl,,,,,35.0,,,,
"Fresh pasta, Ravioli",one,piece,,,,,3.5,,,,
"Fresh pasta, Tortellini",decilitre,dl,,,,,45.0,,,,
"Fresh pasta, Tortellini",one,piece,,,,,5.0,,,,
"Whole-grain pasta, cooked",,,,,,,,,,,195.0
"Whole-grain pasta, uncooked",decilitre,dl,,,,,30.0,,,,85.0
Porridge rice,decilitre,dl,,,,,90.0,,,,
"Pre-boiled rice, cooked",,,,,,,,,,,160.0
"Pre-boiled rice, uncooked",decilitre,dl,,,,,50.0,,,,
"Lasagne sheets, cooked",one,piece,,,,,45.0,,,,
"Lasagne sheets, uncooked",one,piece,,,,,17.0,,,,
"Macaroni, cooked",,,,,,,,,,,195.0
"Macaroni, uncooked",decilitre,dl,,,,,40.0,,,,75.0
"Egg noodles, cooked",,,,,,,,,,,220.0
"Egg noodles, uncooked",,,,,,,,,,,85.0
"Noodles, without egg, cooked",,,,,,,,,,,180.0
"Noodles, without egg, uncooked",,,,,,,,,,,85.0
"Pasta, cooked",,,,,,,,,,,195.0
"Pasta, uncooked",decilitre,dl,,,,,30.0,,,,75.0
"Rice, cooked",,,,,,,,,,,160.0
"Rice, uncooked",decilitre,dl,,,,,80.0,,,,55.0
"Spaghetti, cooked",,,,,,,,,,,195.0
"Spaghetti, uncooked",,,,,,,,,,,65.0
Corn flakes,,,14.0,,3.0,,,,,,35.0
"Corn flakes, sweetened, Frosties",,,16.0,,3.0,,,,,,35.0
"Breakfast cereal, chocolate flavored",,,15.0,,3.0,,,,,,35.0
Oat pillows,,,12.0,,2.5,,,,,,35.0
Muesli,,,50.0,,7.0,,,,,,100.0
Puffed oats,,,9.0,,2.0,,,,,,35.0
Puffed wheat,,,9.0,,2.0,,,,,,35.0
"Puffed wheat, with sugar and honey, Honnikorn",,,13.0,,2.5,,,,,,35.0
Puffed rice,,,9.0,,2.0,,,,,,35.0
"Breakfast cereal with oats, fruit and oil, Crüsli",,,40.0,,6.0,,,,,,100.0
"Breakfast cereal with wheat and rice, Special K",,,20.0,,3.5,,,,,,35.0
"Breakfast cereal, All-bran regular",,,18.0,,3.5,,,,,,35.0
"Breakfast cereal, All-bran plus",,,25.0,,4.0,,,,,,35.0
"Bread, extra coarse",medium slice,slice,,,,,45.0,,,,
"Bread, coarse",medium slice,slice,,,,,45.0,,,,
"Bread, semi-coarse",medium slice,slice,,,,,45.0,,,,
"Gluten-free bread, fine",medium slice,slice,,,,,40.0,,,,
"Gluten-free bread, coarse",medium slice,slice,,,,,45.0,,,,
"Bread, white",medium slice,slice,,,,,50.0,,,,
"Bread, extra coarse",medium slice,slice,,,,,50.0,,,,
"Bread, coarse",medium slice,slice,,,,,40.0,,,,
"Bread, semi-coarse",medium slice,slice,,,,,40.0,,,,
"Bread, white, square-shaped",medium slice,slice,,,,,40.0,,,,
"Bread, white, spirally shaped",medium slice,slice,,,,,30.0,,,,
Pumpernickel,medium slice,slice,,,,,40.0,,,,
"Bread, rye, coarse",medium slice,slice,,,,,60.0,,,,
"Rolls, white",one,piece,,,,,45.0,,,,
"Rolls, coarse",one,piece,,,,,70.0,,,,
"Baguette, half-baked",one,piece,,,,,75.0,,,,
Hamburger bun,one,piece,,,,,80.0,,,,
Potato soft flatbread,one,piece,,,,,25.0,,,,
Pita bread,one,piece,,,,,75.0,,,,
Pizza crust,one,piece,,,,,550.0,,,,
Hot dog bun,one,piece,,,,,30.0,,,,
"Rolls, fine",one,piece,,,,,85.0,,,,
"Rolls, coarse",one,piece,,,,,70.0,,,,
"Tortilla, wheat flour",one,piece,,,,,40.0,,,,
"Tortilla, wheat flour, wholemeal",one,piece,,,,,40.0,,,,
"Tortilla, corn flour",one,piece,,,,,40.0,,,,
"Flatbread, hard",one,piece,,,,,4.0,,,,
"Flatbread, hard, with oats",one,piece,,,,,5.0,,,,
Gluten-free crisp bread,one,piece,,,,,13.0,,,,
"Gluten-free crisp bread, home made",one,piece,,,,,13.0,,,,
"Crisp bread, light",one,piece,,,,,14.0,,,,
"Crisp bread, with extra fiber",one,piece,,,,,11.0,,,,
"Crisp bread, with oats",one,piece,,,,,18.0,,,,
"Crisp bread, with rye, brown",one,piece,,,,,12.0,,,,
"Crisp bread, with rye, Husman",one,piece,,,,,14.0,,,,
"Crisp bread, thin, Rugsprø, Finncrisp",one,piece,,,,,11.0,,,,
"Rice cake, with salt",one,piece,,,,,1.5,,,,
"Rice cake, without salt",one,piece,,,,,6.0,,,,
Taco boats,one,piece,,,,,20.0,,,,
Taco shell,one,piece,,,,,12.0,,,,
"Biscuit, for childen",one,piece,,,,,3.0,,,,
"Biscuit, with chocolate, for children",one,piece,,,,,7.0,,,,
"Biscuit, with oats, Bixit",one,piece,,,,,16.0,,,,
"Cookies, small",one,piece,,,,,11.0,,,,
"Cookies, large",one,piece,,,,,55.0,,,,
Cream cracker,one,piece,,,,,11.0,,,,
"Biscuit, with oats, Digestive",one,piece,,,,,15.0,,,,
"Cracker, Frokost",one,piece,,,,,9.0,,,,
"Biscuit, Gjende",one,piece,,,,,7.0,,,,
"Cracker, Kaptein",one,piece,,,,,7.0,,,,
Rusk,one,piece,,,,,9.0,,,,
"Biscuit, filled with jam or fruit",one,piece,,,,,13.0,,,,
"Biscuit, with oats and chocolate",one,piece,,,,,13.0,,,,
"Biscuit, filled",one,piece,,,,,13.0,,,,
"Cracker, Kornmo",one,piece,,,,,9.0,,,,
"Biscuit, Marie",one,piece,,,,,4.0,,,,
"Cracker, fatty and salted",one,piece,,,,,5.0,,,,
"Biscuit, with oats, SIBAS",one,piece,,,,,16.0,,,,
"Cracker, Start",one,piece,,,,,7.0,,,,
"Wafer, filled",one,piece,,,,,5.0,,,,
Coconut macaroon,one,piece,,,,,20.0,,,,
Almond sticks,one,piece,,,,,40.0,,,,
Meringue,one,piece,,,,,3.0,,,,
Gingersnaps,one,piece,,,,,7.0,,,,
Ginger nuts,one,piece,,,,,5.0,,,,
"Cookie, Serinakake",one,piece,,,,,10.0,,,,
"Berliner, filled doughnut",one,piece,,,,,65.0,,,,
"Sponge cake, layered, filled with whipped cream and jam",portion,portion,,,,,95.0,,,,
Croissant,one,piece,,,,,45.0,,,,
Cupcakes,one,piece,,,,,60.0,,,,
Confectionery cake,slice,slice,,,,,25.0,,,,
Doughnuts,one,piece,,,,,,,,,
"Apple pie, apple cake",portion,portion,,,,,80.0,,,,
Pound cake,slice,slice,,,,,45.0,,,,
"Macaroon cake, Norwegian Prince cake",portion,portion,,,,,80.0,,,,
"Gluten-free sweet bun, home-made",one,piece,,,,,60.0,,,,
Gluten-free waffles,waffel,,,,,,85.0,,,,
Gluten-free waffles,piece,,,,,,17.0,,,,
Carrot cake,portion,portion,,,,,80.0,,,,
"Sweet bun, raisin bun, home-made",one,piece,,,,,60.0,,,,
"Sweet bun, raisin bun, industrially made",one,piece,,,,,50.0,,,,
"Soft Norwegian flatbread, lefse, filled, industrially made",one,piece,,,,,55.0,,,,
"Soft Norwegian flatbread, Vestlandslefsa",one,piece,,,,,35.0,,,,
"Cinnamon roll, home-made",one,piece,,,,,65.0,,,,
"Cinnamon roll, industrially made",one,piece,,,,,50.0,,,,
"Sponge cake, layered, filled with whipped cream and jam, covered with marzipan",portion,portion,,,,,95.0,,,,
"Swedish almond cake, macaroon tea cake",one,piece,,,,,55.0,,,,
"Muffins, industrially made",one,piece,,,,,35.0,,,,
"Muffins, with icing, home-made",one,piece,,,,,35.0,,,,
"Muffins, home-made",one,piece,,,,,30.0,,,,
Napoleon cake,one,piece,,,,,150.0,,,,
Cheese cake,portion,portion,,,,,80.0,,,,
Swiss roll,slice,slice,,,,,25.0,,,,
"Waffles, made with sour cream",waffel,,,,,,75.0,,,,
"Waffles, made with sour cream",piece,,,,,,15.0,,,,
Chocolate cake,portion,portion,,,,,80.0,,,,
"Sweet bun, with custard, icing and desiccated coconut",one,piece,,,,,115.0,,,,
Doughnuts,one,piece,,,,,45.0,,,,
"Sweet bun, with vanilla custard, industrially made",one,piece,,,,,100.0,,,,
"Sponge cake, plain",portion,portion,,,,,80.0,,,,
Tart shell,one,piece,,,,,30.0,,,,
Waffles,waffel,,,,,,85.0,,,,
Waffles,piece,,,,,,17.0,,,,
"Cream puff, filled",one,piece,,,,,35.0,,,,
Cream puff,one,piece,,,,,20.0,,,,
"Malt loaf, bread cake",slice,slice,,,,,45.0,,,,
"Danish pastry, with custard filling",one,piece,,,,,80.0,,,,
"Danish pastry, with jam",one,piece,,,,,50.0,,,,
Cashew nuts,handful,,60.0,,,,20.0,,,,
"Pumkpin seeds, squash seeds",tablespoon,tbsp,60.0,,,,9.0,,,,
Hazel nuts,handful,,60.0,,,,20.0,,,,
"Chestnuts, roasted",,piece,70.0,,,,8.0,,,,
"Linseeds, flax seeds",tablespoon,tbsp,60.0,,,,8.0,,,,
Macadamia nuts,handful,,60.0,,,,20.0,,,,
Almonds,handful,,60.0,,,,20.0,,,,
Brazil nuts,handful,,65.0,,,,20.0,,,,
Peanuts,handful,,60.0,,,,20.0,,,,
Peanut butter,tablespoon,tbsp,,,,,17.0,,,,
Peanut butter,for a slice of bread,slice,,,,,15.0,,,,
Pecan nuts,one,piece,45.0,,,,1.5,,,,
Pine nuts,tablespoon,tbsp,60.0,,,,10.0,,,,
Pistachio nuts,one,piece,50.0,,,,0.5,,,,
Sesame seeds,tablespoon,tbsp,60.0,,,,9.0,,,,
Sunflower seeds,tablespoon,tbsp,55.0,,,,8.0,,,,
Walnuts,handful,,45.0,,,,20.0,,,,
French fries,portion,portion,45.0,,,,135.0,,,,
"Potato, boiled",portion,portion,,,,,170.0,3565120.0,83.0,3055100.0,
"Potato, raw",portion,portion,60.0,,,,170.0,3565120.0,83.0,3055100.0,
Mashed potatoes,portion,portion,100.0,,,,200.0,,,,
Potato salad,tablespoon,tbsp,100.0,,,,19.0,,,,
Cucumber,slice,slice,55.0,,,,6.0,335.0,97.0,325.0,
Alfalfa sprouts,,,20.0,,,,,,100.0,,
"Artichoke, globe",,,,,,,,330.0,43.0,140.0,
Asparagus,,,,,,,,30.0,53.0,16.0,
Aubergine,slice,slice,30.0,,,,25.0,350.0,81.0,285.0,
Baby carrot,,,,,,,,,100.0,410.0,
Basil,,,5.0,,,,,,64.0,,
Cauliflower,floret,,,,,,30.0,650.0,74.0,480.0,
Nettle,,,5.0,,,,,,100.0,,
Broccoli,floret,,,,,,25.0,460.0,86.0,395.0,
Cherry tomato,,,65.0,,,,,,100.0,15.0,
"Chili pepper, red",,,,,,,,10.0,73.0,7.0,
Dill,,,12.0,,,,,,90.0,,
"Chicory, endive",,,30.0,,,,,,86.0,,
Fennel,,,45.0,,,,,150.0,93.0,140.0,
Pumpkin,,,55.0,,,,,,70.0,,
Chives,tablespoon,tbsp,18.0,,,,3.0,,100.0,,
Kale,,,55.0,,,,,,61.0,,
Carrot,,,40.0,,,,,6090140.0,89.0,5580125.0,
Cabbage,,,35.0,,,,,1250.0,92.0,1150.0,
Garlic,clove (with skin),,,,,,2.5,55.0,79.0,45.0,
"Garlic, chinese",,,,,,,,25.0,92.0,23.0,
Ginger root,cm of root,,,,,,3.0,,94.0,,
Iceberg lettuce,leaf,,25.0,,,,40.0,510.0,92.0,470.0,
Jalapeño,,,,,,,,15.0,92.0,14.0,
Jerusalem artichoke,,,55.0,,,,,25.0,69.0,17.0,
Cassava,,,,,,,,490.0,84.0,410.0,
"Cabbage, chinese",,,30.0,,,,,800.0,92.0,735.0,
Baby carrots,,,,,,,,,100.0,25.0,
Kohlrabi,,,55.0,,,,,240.0,46.0,110.0,
Coriander,,,5.0,,,,,,78.0,,
Swede,,,55.0,,,,,1000.0,83.0,830.0,
"Onion, yellow/red",,,55.0,,,,,170.0,93.0,160.0,
Sweet corn,,,70.0,,,,,250.0,56.0,140.0,
"Leaf beet, mangold",,,30.0,,,,,,92.0,,
Turnip,,,55.0,,,,,50.0,77.0,40.0,
Sweet pepper,slice,slice,55.0,,,,10.0,170.0,85.0,145.0,
Parsnip,,,55.0,,,,,125.0,80.0,100.0,
Horse-radish,cm of root,,,,,,2.5,,73.0,,
Parsley,,,12.0,,,,,,80.0,,
Parsley root,,,55.0,,,,,100.0,91.0,90.0,
Leek,slice,slice,45.0,,,,2.0,250.0,83.0,210.0,
Rhubarb,,,50.0,,,,,135.0,75.0,100.0,
Raddichio salad,,,30.0,,,,,,91.0,,
Rapid lettuce,,,10.0,,,,,,94.0,,
Radish,,,50.0,,,,,4.2,94.0,4.0,
Romaine salad,,,30.0,,,,,,94.0,,
Brussel sprouts,,,65.0,,,,,15.0,80.0,12.0,
Rocket salad,,,11.0,,,,,,100.0,,
Beetroot,,,55.0,,,,,140.0,86.0,120.0,
"Cabbage, red",,,35.0,,,,,1500.0,80.0,1200.0,
Celariac root,,,50.0,,,,,780.0,70.0,545.0,
Chicory,,,20.0,,,,,,80.0,,
Shallot,,,55.0,,,,,1860.0,72.0,1345.0,
"Salsify, black",,,55.0,,,,,50120.0,63.0,3075.0,
"Mushroom, chantherelle",,,30.0,,,,,6.0,89.0,5.5,
"Mushroom, shiitake",,,30.0,,,,,,100.0,8.0,
"Mushroom, common",,,35.0,,,,,20.0,89.0,18.0,
"Mushroom, oyster",,,30.0,,,,,8.0,89.0,7.0,
"Spinach, frozen",cube,,,,,,14.0,,100.0,,
"Spinach, raw",,,12.0,,,,,,70.0,,
"Cabbage, spring green",,,35.0,,,,,1000.0,80.0,800.0,
"Squash, zucchini",slice,slice,55.0,,,,15.0,300.0,95.0,285.0,
Celery,stalk,,50.0,,,,33.0,500.0,76.0,380.0,
Sweet potato,,,60.0,,,,,180.0,72.0,130.0,
Tomato,slice,slice,65.0,,,,13.0,,100.0,95.0,
"Scallion, spring onion",,,40.0,,,,,20.0,96.0,19.0,
"Cauliflower, cooked",one,piece,,,,,480.0,,,,
"Cauliflower, cooked",floret,,,,,,30.0,,,,
"Broccoli, cooked",one,piece,,,,,440.0,,,,
"Broccoli, cooked",floret,,,,,,35.0,,,,
"Carrot, cooked",one,piece,,,,,50.0,,,,
"Cabbage, cooked",one,piece,,,,,1125.0,,,,
"Swede, cooked",one,piece,,,,,780.0,,,,
"Onion, yellow/red, cooked",one,piece,,,,,157.0,,,,
"Sweet pepper, cooked",one,piece,,,,,125.0,,,,
"Parsley root, cooked",one,piece,,,,,85.0,,,,
"Brussel sprouts, cooked",one,piece,,,,,12.5,,,,
"Cabbage, red, cooked",one,piece,,,,,1175.0,,,,
"Sweet potato, cooked",one,piece,,,,,120.0,,,,
"Cucumber, pickled",slice,slice,55.0,,,,5.0,,,,
"Asparagus, canned",one,piece,,,,,10.0,,,,
"Bamboo shoots, canned",one,piece,60.0,,,,3.0,,,,
"Wok mix, frozen",,,50.0,,,,,,,,
"Ginger, pickled",portion (for sushi),portion,,,,,5.0,,,,
"Capers, canned",one,piece,60.0,,,,3.0,,,,
"Nori, seaweed, dried",one,piece,,,,,2.5,,,,
"Olives, green, pickled",one,piece,50.0,,,,3.0,,,,
"Olives, black, in oil, canned",one,piece,50.0,,,,3.0,,,,
"Beetroot, pickled, canned",slice,slice,70.0,,,,12.0,,,,
"Mushroom, button, canned",,,75.0,,,,,,,,
Sauerkraut,,,100.0,,,,,,,,
"Tomatoes, canned",,,100.0,,,,,,,,
"Tomatoes, sun-dried",one,piece,,,,,3.0,,,,
"Tomatoes, sun-dried, in oil",one,piece,,,,,7.0,,,,
Tomato ketchup,tablespoon,tbsp,110.0,,,,20.0,,,,
Tomato purée,tablespoon,tbsp,100.0,,,,18.0,,,,
"Water chestnuts, canned",,,65.0,,,,,,,,
"Beans, brown, cooked",portion,portion,,,,,190.0,,,,
"Beans, brown, dry",portion,portion,80.0,,,,80.0,,,,
"Beans, green, frozen",one,piece,,,,,3.0,,,,
"Beans, green, raw",one,piece,,,,,3.0,,,,
"Beans, white, in tomato sauce, canned",tablespoon,tbsp,110.0,,,,19.0,,,,
"Beans, white, cooked",,,,,,,,,,,
"Beans, white, large, canned",one,piece,85.0,,,,3.0,,,,
"Beans, white, dry",,,80.0,,,,,,,,
"Beans, mung, dry",,,80.0,,,,,,,,
"Beans, red kidney, canned",tablespoon,tbsp,90.0,,,,18.0,,,,
"Beans, red kidney, dry",,,80.0,,,,,,,,
"Beans, soya, dry",,,80.0,,,,,,,,
"Beans, black, canned",tablespoon,tbsp,90.0,,,,15.0,,,,
"Peas, frozen",,,60.0,,,,,,,,
"Peas, canned",tablespoon,tbsp,70.0,,,,19.0,,,,
"Peas, dry",,,80.0,,,,,,,,
"Chick peas, canned",tablespoon,tbsp,75.0,,,,19.0,,,,
"Chick peas, dry",,,80.0,,,,,,,,
"Lentils, canned",tablespoon,tbsp,100.0,,,,18.0,,,,
"Lentils, cooked",portion,portion,,,,,215.0,,,,
"Lentils, dry",portion,portion,85.0,,,,85.0,,,,
Sugar snap peas,one,piece,,,,,3.5,,,,
Pineapple,decilitre,dl,,,,,65.0,1300.0,51.0,665.0,
Orange,section,,,,,,35.0,150250350.0,78.0,115195275.0,
Orange,decilitre,dl,,,,,70.0,150250350.0,78.0,115195275.0,
Apricots,,,,,,,,37.0,93.0,35.0,
Avocado,decilitre pieces,dl,,,,,60.0,175300.0,74.0,130220.0,
Avocado,decilitre mashed,dl,,,,,90.0,175300.0,74.0,130220.0,
Banana,decilitre,dl,,,,,75.0,180.0,66.0,120.0,
"Carambola, starfruit",,,,,,,,90.0,97.0,85.0,
Cherimoya,decilitre,dl,,,,,75.0,305.0,69.0,210.0,
"Grapes, with seeds",decilitre,dl,,,,,70.0,6.0,96.0,6.0,
"Grapes, without seeds",decilitre,dl,,,,,70.0,4.0,100.0,4.0,
Apple,decilitre,dl,,,,,50.0,100140180.0,91.0,90125165.0,
Peach,,,,,,,,170.0,87.0,150.0,
Pomegranate,decilitre,dl,,,,,60.0,285.0,66.0,190.0,
Grapefruit,,,,,,,,260.0,50.0,130.0,
Guava,,,,,,,,65.0,88.0,55.0,
Prickly pear,,,,,,,,105.0,75.0,80.0,
Kiwi fruit,slice,slice,,,,,15.0,100.0,74.0,75.0,
Kiwi fruit,decilitre,dl,,,,,65.0,,,,
Clementine,,,,,,,,80110.0,77.0,6085.0,
Coconut,,,,,,,,520.0,52.0,270.0,
Kumquat,,,,,,,,20.0,93.0,19.0,
Lime,section/slice,slice,,,,,10.0,80.0,84.0,65.0,
Lychee,,,,,,,,20.0,60.0,12.0,
Mango,decilitre,dl,,,,,70.0,470.0,71.0,335.0,
"Melon, galia",slice,slice,,,,,55.0,550.0,65.0,360.0,
"Melon, galia",decilitre,dl,,,,,70.0,,,,
"Melon, honeydew",slice,slice,,,,,55.0,800.0,46.0,370.0,
"Melon, honeydew",decilitre,dl,,,,,70.0,,,,
"Melon, cantaloupe",decilitre,dl,,,,,70.0,550.0,51.0,280.0,
"Melon, water",slice,slice,,,,,80.0,1500.0,46.0,690.0,
"Melon, water",decilitre,dl,,,,,70.0,,,,
Nectarine,decilitre,dl,,,,,75.0,125.0,91.0,115.0,
Papaya,decilitre,dl,,,,,60.0,400.0,62.0,250.0,
Passion fruit,,,,,,,,30.0,61.0,18.0,
Plums,decilitre,dl,,,,,65.0,3555110.0,94.0,3050105.0,
Pomelo,section,,,,,,20.0,815.0,61.0,495.0,
Pomelo,decilitre,dl,,,,,60.0,,,,
Pear,decilitre,dl,,,,,60.0,160230.0,90.0,145205.0,
"Persimmon, kaki fruit",decilitre,dl,,,,,75.0,155.0,82.0,125.0,
Lemon,slice,slice,,,,,15.0,150.0,53.0,80.0,
Black chokeberries,,,55.0,,,,,,100.0,,
Blackberries,,,55.0,,,,,,100.0,6.0,
Bog blueberries,,,55.0,,,,,,100.0,,
Blueberries,,,55.0,,,,,,100.0,,
Raspberries,,,50.0,,,,,,100.0,5.0,
Elderberries,,,55.0,,,,,,94.0,,
Strawberries,,,60.0,,,,,102030.0,98.0,102030.0,
Cherries,,,60.0,,,,,8.0,86.0,7.0,
Cloudberries,,,50.0,,,,,,100.0,3.0,
"Cherries, sweet",,,60.0,,,,,10.0,89.0,9.0,
Rosehip,,,60.0,,,,,,65.0,,
Cape gooseberries,,,60.0,,,,,4.8,94.0,4.5,
Redcurrants,,,50.0,,,,,,100.0,0.7,
Rowan-berries,,,55.0,,,,,,100.0,,
Blackcurrants,,,50.0,,,,,,100.0,,
Gooseberries,,,60.0,,,,,3.0,98.0,3.0,
Cranberries,,,55.0,,,,,,100.0,,
"Lingonberries, cowberries",,,55.0,,,,,,100.0,,
"Pineapple, canned",ring,,105.0,,,,40.0,,,,
"Apricots, canned",one piece,piece,105.0,,,,40.0,,,,
"Apricots, dried",one,piece,50.0,,,,7.0,,,,
"Dates, dried",one,piece,,,,,8.0,,84.0,,
"Apple, dried",ring,,25.0,,,,5.0,,,,
"Peach, canned",a piece,piece,105.0,,,,90.0,,,,
"Figs, dried",one,piece,80.0,,,,20.0,,96.0,,
"Fruit coctail, canned",,,110.0,,,,,,,,
"Plums, canned",one,piece,120.0,,,,15.0,,,,
"Pear, canned",a piece,piece,105.0,,,,90.0,,,,
Raisins,,,60.0,,,,,,,,
Prunes,one,piece,75.0,,,,8.0,,85.0,,
"Jam, marmalade",portion,portion,115.0,,,,20.0,,,,
"Jam, marmalade",tablespoon,tbsp,,,,,16.0,,,,
Honey,for a slice of bread,slice,140.0,22.0,22.0,11.0,15.0,,,,
Icing sugar,,,55.0,9.0,8.0,4.0,,,,,
Syrup,,,140.0,19.0,16.0,7.5,,,,,
"Chocolate spread, nut spread",for a slice of bread,slice,,,,,15.0,,,,
"Sugar, brown",,,70.0,10.0,10.0,5.5,,,,,
"Sugar, white",sugar cube,sugar_cube,90.0,14.0,13.0,5.0,2.0,,,,
Vanilla sugar,,,,9.0,9.0,4.5,,,,,
"Drops, sweets",one,piece,,,,,3.0,,,,
"Drops, filled",one,piece,,,,,5.0,,,,
Fruit jellies,one,piece,,,,,5.0,,,,
White chocolate,square,,,,,,4.0,,,,
Caramels,one,piece,,,,,5.0,,,,
"Caramels, chocolate covered",one,piece,,,,,6.0,,,,
Cooking chocolate,square,,,,,,4.0,,,,
Cooking chocolate,bar,bar,,,,,100.0,,,,
Snowball,one,piece,,,,,30.0,,,,
"Chocolates, filled",one,piece,,,,,5.0,,,,
Liquorice,one,piece,,,,,5.0,,,,
Liquorice sweets,one,piece,,,,,3.0,,,,
Marzipan,piece,piece,,,,,10.0,,,,
Marzipan,pig,,,,,,65.0,,,,
Marzipan,slice of 0.5 cm,slice,,,,,20.0,,,,
Marzipan bar,one,piece,,,,,25.0,,,,
Milk chocolate,square,,,,,,4.0,,,,
"Milk chocolate, aerated",bar,,,,,,3.0,,,,
Dark chocolate,square,,,,,,4.0,,,,
Pastilles,one,piece,,,,,1.0,,,,
"Chocolates, filled",one,piece,,,,,35.0,,,,
"Chocolate, with jelly and marzipan",one,piece,,,,,15.0,,,,
Marshmallows,one,piece,,,,,7.0,,,,
"Sweets mix, without chocolate",one,piece,,,,,3.0,,,,
"Sweets mix, chocolate included",one,piece,,,,,5.0,,,,
Chewing gum,one,piece,,,,,1.0,,,,
Pork scratchings,decilitre,dl,,,,,17.0,,,,
Pork scratchings,one,piece,,,,,2.0,,,,
Cheese doodles,decilitre,dl,,,,,10.0,,,,
Popcorn,decilitre,dl,,,,,3.0,,,,
Potato crisps,decilitre,dl,,,,,12.0,,,,
"Potato snacks, extruded",decilitre,dl,,,,,20.0,,,,
Salted sticks,one,piece,,,,,2.0,,,,
Tortilla chips,one,piece,,,,,3.0,,,,
"Sesame paste, tahini",tablespoon,tbsp,,,,,16.0,,,,
"Sesame paste, tahini",for a slice of bread,slice,,,,,15.0,,,,
"Soybean curd, tofu",decilitre,dl,,,,,100.0,,,,
"Soy sausage, canned",for a slice of bread,slice,,,,,40.0,,,,
"Vegetable spread, Tartex",for a slice of bread,slice,,,,,15.0,,,,
Coconut fat,,,,,,,,,,,
"Oil, liquid margarine",,,,,10.0,4.5,,,,,
"Butter, margarine",for a slice of bread,slice,,,15.0,7.0,5.0,,,,
Mayonnaise dressing,portion,portion,100.0,,18.0,7.0,25.0,,,,
Oil and vinegar dressing,portion,portion,90.0,,10.0,4.5,25.0,,,,
"Mayonnaise, rémoulade",for a slice of bread,slice,95.0,,13.0,6.0,10.0,,,,
Mayonnaise salad,for a slice of bread,slice,95.0,,16.0,7.0,30.0,,,,
,portion,portion,90.0,,10.0,4.5,5.0,,,,
"Cheeseburger, fastfood",one,piece,,,,,105.0,,,,
Fish gratin,portion,portion,,,,,275.0,,,,
Lamb and cabbage stew,portion,portion,,,,,450.0,,,,
"One-pot meal, casserole",portion,portion,,,,,300.0,,,,
Porridge,portion,portion,,,,,350.0,,,,
Porridge,decilitre,dl,,,,,100.0,,,,
"Burger, double, fastfood",one,piece,,,,,180.0,,,,
"Burger, with extra meat, fastfood",one,piece,,,,,190.0,,,,
"Burger, fastfood",one,piece,,,,,100.0,,,,
"Chicken burger, fastfood",one,piece,,,,,140.0,,,,
"Stew, with meat, potatoes and vegetables",portion,portion,,,,,450.0,,,,
Lasagna,portion,portion,,,,,300.0,,,,
Moussaka,portion,portion,,,,,300.0,,,,
Pie,portion,portion,,,,,300.0,,,,
Pancakes,one,piece,,,,,65.0,,,,
Pasta bolognese,portion,portion,,,,,300.0,,,,
Pizza,portion,portion,,,,,300.0,,,,
Ratatouille,portion,portion,,,,,130.0,,,,
"Salad, with vegetables etc",portion,portion,,,,,135.0,,,,
Sashimi,one,piece,,,,,20.0,,,,
Soup,decilitre,dl,,,,,100.0,,,,
Soup,portion,portion,,,,,350.0,,,,
"Sushi, rolled, maki",one,piece,,,,,25.0,,,,
"Sushi, nigiri",one,piece,,,,,30.0,,,,
Bearnaise sauce,portion,portion,100.0,,,,75.0,,,,
Brown sauce,portion,portion,100.0,,,,75.0,,,,
Bouillon powder,portion,portion,70.0,,11.0,4.5,,,,,
BBQ sauce,portion,portion,,,17.0,6.0,,,,,
Béchamel sauce,portion,portion,100.0,,,,75.0,,,,
Pesto,portion,portion,100.0,,18.0,7.0,,,,,
Instant mashed potato,portion,portion,35.0,,4.0,2.0,,,,,
Gravy sauce,portion,portion,100.0,,,,75.0,,,,
Soy sauce,portion,portion,115.0,,13.0,6.0,,,,,
Taco spice mix,portion,portion,,,8.0,3.5,,,,,
Taco sauce,portion,portion,105.0,,17.0,7.0,,,,,
Berry sauce,portion,portion,100.0,,,,75.0,,,,
Mousse,portion,portion,,,,,140.0,,,,
Jelly,portion,portion,,,,,140.0,,,,
Ice cream,scoop,,60.0,,,,60.0,,,,
Ice cream,portion,portion,,,,,95.0,,,,
"Ice cream, Sandwich",one,piece,,,,,65.0,,,,
"Ice cream, Krone-is",one,piece,,,,,75.0,,,,
"Ice cream, chocolate ice, coated with chocolate",one,piece,,,,,40.0,,,,
"Ice cream, vanilla, in a wafer boat",one,piece,,,,,70.0,,,,
Caramel sauce,tablespoon,tbsp,130.0,,,,17.0,,,,
Caramel sauce,portion,portion,,,,,25.0,,,,
Frosting,tablespoon,tbsp,135.0,,,,17.0,,,,
"Pudding (chocolate, caramel etc)",portion,portion,,,,,140.0,,,,
Rum custard,tablespoon,tbsp,95.0,,,,13.0,,,,
Water ice stick,one,piece,,,,,65.0,,,,
Chocolate frosting,tablespoon,tbsp,130.0,,,,17.0,,,,
Chocolate sauce,tablespoon,tbsp,130.0,,,,17.0,,,,
Chocolate sauce,portion,portion,,,,,25.0,,,,
Chocolate butter cream,tablespoon,tbsp,95.0,,,,14.0,,,,
Sherbet,scoop,,80.0,,,,75.0,,,,
Sherbet,portion,portion,,,,,95.0,,,,
"Vanilla custard, egg custard",tablespoon,tbsp,95.0,,,,13.0,,,,
Vanilla sauce,portion,portion,100.0,,,,75.0,,,,
Baking powder,,,,,14.0,5.5,,,,,
Vinegar,decilitre,dl,,,11.0,5.0,100.0,,,,
Gelatin,leaf,,,,8.0,4.0,2.0,,,,
Cocoa powder,decilitre,dl,,,7.0,4.5,50.0,,,,
Desiccated coconut,decilitre,dl,,,5.0,2.5,35.0,,,,
Coconut milk,decilitre,dl,,,10.0,4.0,95.0,,,,
"Black pepper, whole",,,,,9.0,4.0,,,,,
"Black pepper, grounded",,,,,5.0,2.5,,,,,
"Bakers yeast, compressed",one,piece,,,,,50.0,,,,
"Salt, grounded",decilitre,dl,,,17.0,7.0,130.0,,,,
"Salt, coarse",decilitre,dl,,,16.0,8.0,110.0,,,,
Mustard,decilitre,dl,,,16.0,7.0,100.0,,,,
"Cocoa, instant powder",decilitre,dl,,,8.0,4.0,45.0,,,,
"Bakers yeast, active, dry",packet,packet,,,6.0,3.0,12.0,,,,
"Fruit purée, fruit smoothie",,,100.0,,10.0,5.0,,,,,
"Porridge, powder",,,40.0,,6.0,3.0,,,,,
"Porridge, prepared",,,100.0,,17.0,8.0,,,,,
Food in jars,,,100.0,,16.0,5.0,,,,,
Breast milk,,,100.0,,11.0,5.0,,,,,
"Breast milk replacement/toddler formula, prepared",,,100.0,,11.0,5.0,,,,,
"Breast milk replacement/toddler formula, powder",,,50.0,,7.0,2.0,,,,,
